if i were a rich girl,If I were a rich girl.,i have a <unk> man .
"Okay first of all, the guy looks like he's retarded.","To begin with, that person looks like he is not all there.",the man has a lot of her and he is not a good man .
i don't mean that as a joke.,I am not joking.,i have not heard that as a lot .
"amazon.com has it for around $250 or on ebay there's a few for cheaper, around $200",That product can be found on Amazon.com for approximately $250 or on Ebay for around to $200.,"has it for <unk> with yahoo , or on yahoo . there is a lot for a lot for a lot for a <unk> ."
I think if he gets sick then we'll find out that Ethan is little ethans real dad.,Perhaps if he becomes sick we will find out if Ethan Sr. is Ethan Jr.'s father.,i think if he has been going to be going to that tom is the little man .
Not yet she's getting close though.,"Not yet, but she is getting closer.",he is been <unk> .
yea they never truly say what you are and what they say will happen never does,"Yes, they never tell you who you are, and what they claim will happen, never does.",they never say what you are and what they say will say never say .
I want it to be a guy this year!,"This year, I want the person to be a man.",i want it to be a man this day !
I LOVE THE CHILI PEPPERS IT DOESNT MATTER WHAT ALBUM IT IS IT ROCKS,I love the Red Hot Chili Peppers regardless of the album. They are all enjoyable.,"i love the song "" the potter 's album "" it 's very good ."
The movie you're looking for is Gentlemen prefer blondes and not how to marry ...,"The movie you are looking for is ""Gentlemen Prefer Blondes,"" and not ""How To Marry...""","the movie you are looking for is "" <unk> "" and "" love <unk> "" , and not how to get a lot ."
"Yup, but I can't blame her!","Yes, but I cannot blame her.","i can not be sure , but i can not be able to be a lot of her ."
i dont know but i loooooooove the band HIM,"I do not know, but I do enjoy the band, HIM.","i am not sure , but i really like the movie him ."
I KNOW A FEW OF US WERE RAISED ON THAT.,I know a few of us were raised on that.,i know a lot of them were able to be able to be a lot of them .
"Oh well, maybe next year when I actually have a car!","Oh well, perhaps when I have a car next year!","yes , please do not have a friend when i just have a friend ."
"i dunno, and i really don't care.","I do not know, and I really do not care.","i do not know , and i really do not know ."
She asked him if he felt up to it for old times sake.,She wanted him to do something they did when they were younger.,he said him if he <unk> to it for old than old than well .
Never heard of it...any idea what genre?,"I do not recognize that, can you help me determine the genre?","i have heard of it , but i am not sure what man is ."
"i think you better ask who hasn't, but somebody certainly has one is that Verizon guy!","It would be easier to decide who has not done the task, but one person who certainly did is the guy from the Verizon commercial","i think you are better who has not ?   i think that everyone has one , is that <unk> man ."
TOWER RECORDS WILL DO THE TRICK,Tower Records will work for you.,the <unk> side will do the <unk> .
GOD I WISH I WAS GHETTO,"Lord, I wish I was a hoodrat.","i hope i was the big song i was "" the singer i was "" the song "" hip - american . """
"Geez, don't you people ever read the question?","Lord, don't you guys read thoroughly through the question.",do you have been seen the question ?
i did this morning but i think we r okay now!,"I happen to finish it this morning, but I believe we are alright.","i did this <unk> , but i think they are so well ."
you're gonna get spanked hard next time you do it.,You're going to be punished hard next time it happens.,you should get a good one to do it .
but it did not work for me.,It wasn't cut out for me.,it did not work for me .
hvnt watched exorcist or exorcism of emily rose tho.. want to watch.. sigh.,I would like to watch Exorcist or Exorcism of Emily Rose.,"i want to watch the <unk> - 1980 , or hope i would like to watch your name ."
this guy's in love with you.,God has a God-fearing man in store for you.,the man is in love with you .
yeah all the girls out there,Every Christian sister attended.,there are all the girls out there .
"no, they just comb their hair that way.......","No, that is the way she styles her hair.",they just <unk> their hair that does n't way .
Theres only a book room were u can play mancala.,There is a quiet room where you can play Mancala.,"the only man of a man were "" you can play <unk> . """
i would wish to marry johncena!,I wish to marry John Cena!,i would think to get a <unk> .
"I applied to get on it, but I never heard back from them :o(","I applied to be apart of it, but I never heard back from them.","i have never heard back from them , but i have never heard out from them ."
it's just you and the novel.,It's only you and the novel.,it is just you and the book is just .
"Nope, can't say that I do, I know who Stevie Ray Vaughan is...","Nope, can't say I do, I know who Stevie Ray Vaughan is though.",i do not know who chris jones is .
i love to hug...and can always use one or two..,"I love hugs, and can always use one or two.",i love to see one or all of the answer .
i also like the tea cups.,I am also very fond of the tea cups.,"i like the song "" the duff <unk> . """
LIKE ROMEO AND HIS DAD CAN GO UP AGAINST SO SO DEF AND THEIR CLIQUE?,Do you believe that Romeo and his dad can go up again Def and their clique?,do you like <unk> and his mother can go up at so fat and their <unk> ?
Smeagol - because he freaks my daughter out!,I choose Smeagol because he really scares my daughter.,"<unk> , because he <unk> my friend out ."
"he smelt the powder before he fired, and guest it was bad.",I believe it was bad since he smelled the powder he fired.,the dolls who he <unk> her <unk> and was very good .
"no i'm not saying you have to be vain, you just have to believe in yourself!","No, I am not saying that you have to be vain, you must believe in yourself.",i am not going to be <unk> . you just have to think in them .
not totally sure tho.but would be interesting to know considering i am eminems number 1 fan,"I am not totally sure, but it would be interesting to know considering that I am Eminem's number one fan.",i am not sure that the <unk> would be very attractive .
"No idea, I hadn't even heard of that.","I have no idea, I had not heard of that.",i have not heard of that .
"comedy i love friends,full house,will and grace,frasier.....","Comedy: I love Friends, Full House, Will and Grace, Frasier, etc.","i love other , the little movies are , and we can and mr. , and yes ."
ew what kind of freak question is that?,That is disgusting! What kind of freak question is that?,what way of the question is that ?
Because he thinks like me thinks.,Because he thinks like I think.,"he does not like me , "" say me . """
"and you are asking in the wrong category, has nothing to do with entertainment!",The item you are asking about is not in the entertainment category.,you are going to do with a <unk> .
First i was addicted to myspace... but this is fun.,"I really liked MySpace on social media, but I enjoy this one a lot more.","i was going to be able to be <unk> , but this is more <unk> ."
When my husband cheated on me.,My husband physically and emotionally left our marriage by cheating.,my mother was going to be able to be the same of my mother .
that was the lamest book on tape EVER!!,I did not enjoy that book on tape at all.,i think that the <unk> band on the <unk> 's ever ever !
"What goes around, comes around, go go!",Treat others the way you would like to be treated.,"what is the answer of the show , "" go go . """
hey i liked chris i dont no why thay kicked him off,I liked Chris and I don't understand why they kicked him off.,"i saw the song "" chris "" , but i am not sure why ."
sorry i forget his name .,"Sorry, I can't remember his name.",i do not think his name is good .
Believe me ALOT of people like anime.,There are a lot of people that enjoy anime.,i think you are a lot of people like the <unk> .
the song was released last year the 3rd of jan 2005,"The song was released on January 3, 2005.","the song was called first day , the big day that was "" the internet of the internet of the internet of the song "" by the"
Yo mama's so fat that when she sat on a quarter a booger popped out og George washington's nose.,"The joke goes like this: ""Your mom is so fat that when she sat on a quarter a booger popped out of George Washington's nose"".",your mother is so fat that when she went on a internet a <unk> out of the internet <unk> out of the <unk>
maybe i dont have enough soul to understand.,I think I may not understand because I don't have enough of a soul.,i have never been back <unk> to see .
Jay and Silent Bob going to be in it?,"Are the characters called ""Jay"" and ""Silent Bob"" going to be in the film?",is he a big song not going to be in it ?
THIS IS THE SAME DAY AS MY DAUGHTERS BIRTHDAY.,This date is also the same day as my daughter's birthday.,it is the best day as my <unk> cd .
HOLLAND - honestly our love lives and never dies,I describe Holland as someplace where our love lives and never dies.,"i do not like the song , "" <unk> "" ."
I listen to live Radio (UNIVISION) if you know it!,"I listen to a live radio station called ""Univision."" Have you heard of it?","if you know the search to the cd <unk> , it is you sure if you want to listen to ."
Did U do a check on UR T.V.,Did you check on your television?,do you do a try on this .
"i doubt you can contact him, cuz he's probably sooo busy.","I doubt that you can contact him, he is extremely busy.","i hope you can make him , but he is just married ."
i love her she would been a great actress,"I love her, she would have been a great actress.",i love her and she would been a great man .
"I'm with snookbear, limewire, been using it for years","I like to use snookbear, and limewire, I have been using it for years.","i am with the <unk> , limewire , and been been been been been been on than years ."
"oh my god, i just love that song.",I really love this song.,i just love that song .
simple dimple Play some funny game,This simpleton is just playing funny games.,the <unk> of the <unk> are been a good man .
"i haven't seen it, but every SNL Digital Short i've seen since Lazy Sunday has been pretty dumb.","I haven't seen it yet, but since the Lazy Sunday sketch, most SNL digital shorts have been disappointing.","i have not heard it , but their <unk> <unk> <unk> <unk> <unk> is very good ."
"So, you get what we had here last week, Which is the way he wants it !","Therefore you understand what we had here last week, which is the way he wants it.","you get what they had there , the way he said , "" what is the way he said it ? """
I can't believe that people are running around starting rumors all over the place!,I can not believe that people are going around starting rumors everywhere.,i would not think that people are going to be able to be able to be able to be able to be able to be able to see
"oh my god, i just love that song.","Oh my gosh, I really love that song.",i just love that song .
simple dimple Play some funny game,"It is easy, play some humorous games.",the <unk> of the <unk> are been a good man .
"i haven't seen it, but every SNL Digital Short i've seen since Lazy Sunday has been pretty dumb.","I have not seen it, but I think every SNL Digital Short since ""Lazy Sunday"" has been pretty dumb.","i have not heard it , but their <unk> <unk> <unk> <unk> <unk> is very good ."
"Ed on Ed, Edd, n Eddy","The character Ed, on Ed, Edd, and Eddy.","on the internet , <unk> , and <unk> ."
"none, but I sprained my ankle once","No.  However, I sprained my ankle once.",i <unk> my <unk> now .
5 heart beats....it has all the eliments of a great movie,I recommend 5 Heart Beats.  It has all of the elements of a great movie.,it has all the <unk> of a great movie .
"But wait it out, they'll probably come back.",You should wait longer.  They will probably return.,"try to see it out , they will just make out ."
I do i listen to it everyday.,I listen to it every day.,i listen to it up .
flycell...u gotta buy the package tho,Flycell. But you must purchase the package.,you have to get the squares i am in <unk> .
Wayne Wonder  Listen to Anything Goes featuring Capone N Noreaga If U dont believe me.,"I recommend listing to ""Anything Goes"" featuring Capone N. Noreaga if you do not believe me.",i think you can listen to them when <unk> and <unk> .
i'd say what type of hat is it.,I would ask what type of hat it was.,i would say what type of cd is it .
"Yes, she is awsome love her","Yes, she is a good person, and I enjoy her.",i love her and i love her .
my all friends are my best friends................,All of my friends are my best friends.,i like my best life .
I love her laugh too it so cute!,I love to hear her laugh it is very cute.,i love her looking so good .
i think he is very hot,I find her very attractive.,i think he is very attractive .
"the movie was good, and ive read the book too.","The movie was good, I have read the book as well.","the movie was good , and i would watch the band too ."
I have no idea what ur talking about.,I do not understand what you are talking about.,i do not know what you are going about .
TRY WWW.EVERYHIT.COM  IT HAS A MASSIVE LISTING GOING BACK TO 1955 TO THE PRESENT.,You can search www.everyhit.com for a large listing dating from 1955 to the current date.,<unk> has a <unk> <unk> to <unk> the <unk> .
Nope but i'm going to American Idol Concert in June-July,"No; however, I am attending an American Idol concert in June or July.","i am going to the music of the video <unk> in the internet "" the song the song "" the band the band "" the band "" chris ."
no its just full of crap its not worth watching,It is of low quality and not worth wacthing.,"it is just big of them , but it is not been something ."
simple plan is the only canadian band i know of...,The only Canadian band of which I am aware is Simple Plan.,"the only fat band i know of is "" able to be the only fat movie . """
GO TO YOUTUBE: www.youtube.com  it's really good!,Go to www.youtube.com. It has high quality videos.,i think it is very good for ebay .
He has a nice voice but he is/was such a geek.,"He has a nice voice, but he is such a geek.","he has a great fan , but he is just a <unk> ."
"omg, that had to be cute!!","Oh my goodness, that had to be cute.",that was very attractive .
i would do whatever i wanted and live 4 the day!,I would do whatever I wanted and live for the day.,i would do how i had to do and play at the day .
Don't listen to these pansies.Go slap the crap outta somebody.,Do not listen to those that are negative.,"go to limewire <unk> , and go read the <unk> ."
theres A band called GIANT DRAG,"A band exists with the name ""Giant Drag.""","this song is called "" big send "" by the man called "" jail "" ."
"FS.. insatiable FM.. umm a lot, i like hitch","I enjoy Hitch, FS, and Insatiable FM.","<unk> - - - - - - <unk> , i am a lot of the song ."
i dont know but I think that guy is right,"I do not know, however I believe the man is correct.","i am not sure , but i think that man is right ."
they have pages to look through and it helped me kill some time :),They provide pages to look through which assisted me in passing the time.,they have to go at it to go up and it will be able to get some time .
he makes u pick the card he wants  u 2 pick so he'll know what it is  lol,He forces one to choose the card he prefers in order to know what is on the card.,"it has you get the - she said , "" you should be a lot , so he will be able to know what it is . """
to get gum out of his wings whilst trying to eat a whole dear with his big toe.,"he multi-tasked by trying to remove gum from his wings, while eating a whole deer using his large toe of his foot to hold it.",get to get out of his cd <unk> going to get a big <unk> with his big picture .
